text,sentiment
"I love this product, it works great!",positive
"Absolutely terrible, I want my money back.",negative
"Just okay, not what I expected.",neutral
"Amazing experience, highly recommend.",positive
"Worst purchase ever, completely dissatisfied.",negative
"Pretty good, would buy again.",positive
"Not bad, but could be better.",neutral
Fantastic service and friendly staff.,positive
"Horrible, never coming back.",negative
"Decent quality, fair price.",neutral
"I love this product, it works great!",positive
"Absolutely terrible, I want my money back.",negative
"Just okay, not what I expected.",neutral
"Amazing experience, highly recommend.",positive
"Worst purchase ever, completely dissatisfied.",negative
"Pretty good, would buy again.",positive
"Not bad, but could be better.",neutral
Fantastic service and friendly staff.,positive
"Horrible, never coming back.",negative
"Decent quality, fair price.",neutral
"I love this product, it works great!",positive
"Absolutely terrible, I want my money back.",negative
"Just okay, not what I expected.",neutral
"Amazing experience, highly recommend.",positive
"Worst purchase ever, completely dissatisfied.",negative
"Pretty good, would buy again.",positive
"Not bad, but could be better.",neutral
Fantastic service and friendly staff.,positive
"Horrible, never coming back.",negative
"Decent quality, fair price.",neutral
"I love this product, it works great!",positive
"Absolutely terrible, I want my money back.",negative
"Just okay, not what I expected.",neutral
"Amazing experience, highly recommend.",positive
"Worst purchase ever, completely dissatisfied.",negative
"Pretty good, would buy again.",positive
"Not bad, but could be better.",neutral
Fantastic service and friendly staff.,positive
"Horrible, never coming back.",negative
"Decent quality, fair price.",neutral
"I love this product, it works great!",positive
"Absolutely terrible, I want my money back.",negative
"Just okay, not what I expected.",neutral
"Amazing experience, highly recommend.",positive
"Worst purchase ever, completely dissatisfied.",negative
"Pretty good, would buy again.",positive
"Not bad, but could be better.",neutral
Fantastic service and friendly staff.,positive
"Horrible, never coming back.",negative
"Decent quality, fair price.",neutral
"I love this product, it works great!",positive
"Absolutely terrible, I want my money back.",negative
"Just okay, not what I expected.",neutral
"Amazing experience, highly recommend.",positive
"Worst purchase ever, completely dissatisfied.",negative
"Pretty good, would buy again.",positive
"Not bad, but could be better.",neutral
Fantastic service and friendly staff.,positive
"Horrible, never coming back.",negative
"Decent quality, fair price.",neutral
"I love this product, it works great!",positive
"Absolutely terrible, I want my money back.",negative
"Just okay, not what I expected.",neutral
"Amazing experience, highly recommend.",positive
"Worst purchase ever, completely dissatisfied.",negative
"Pretty good, would buy again.",positive
"Not bad, but could be better.",neutral
Fantastic service and friendly staff.,positive
"Horrible, never coming back.",negative
"Decent quality, fair price.",neutral
"I love this product, it works great!",positive
"Absolutely terrible, I want my money back.",negative
"Just okay, not what I expected.",neutral
"Amazing experience, highly recommend.",positive
"Worst purchase ever, completely dissatisfied.",negative
"Pretty good, would buy again.",positive
"Not bad, but could be better.",neutral
Fantastic service and friendly staff.,positive
"Horrible, never coming back.",negative
"Decent quality, fair price.",neutral
"I love this product, it works great!",positive
"Absolutely terrible, I want my money back.",negative
"Just okay, not what I expected.",neutral
"Amazing experience, highly recommend.",positive
"Worst purchase ever, completely dissatisfied.",negative
"Pretty good, would buy again.",positive
"Not bad, but could be better.",neutral
Fantastic service and friendly staff.,positive
"Horrible, never coming back.",negative
"Decent quality, fair price.",neutral
"I love this product, it works great!",positive
"Absolutely terrible, I want my money back.",negative
"Just okay, not what I expected.",neutral
"Amazing experience, highly recommend.",positive
"Worst purchase ever, completely dissatisfied.",negative
"Pretty good, would buy again.",positive
"Not bad, but could be better.",neutral
Fantastic service and friendly staff.,positive
"Horrible, never coming back.",negative
"Decent quality, fair price.",neutral
